AI Prompt,AI Overview present?,uTalk featured,Notes
What is the best app to learn Afrikaans,Yes,-,"AO present, uTalk not featured"
What is the best app to learn Albanian,Yes,-,uTalk named in AO text but no utalk.com link
What is the best app to learn Alsatian,Yes,https://utalk.com/store/alsatian,uTalk linked in AO
What is the best app to learn Amharic,Yes,-,"AO present; uTalk not mentioned (Ling, EO Wisdom, Speak Amharic, Haleta listed)"
What is the best app to learn Arabic (Egyptian),Yes,https://utalk.com,uTalk in AO list; reference link is utalk.com root (no /store/ URL)
What is the best app to learn Arabic (Gulf),Yes,https://utalk.com/store/arabic-gulf,uTalk is lead recommendation in AO; inline link + reference
What is the best app to learn Arabic (Lebanese),Yes,https://utalk.com,uTalk in AO list; reference link is utalk.com root (no /store/ URL)
What is the best app to learn Arabic (Moroccan),Yes,https://utalk.com/store/arabic-moroccan,uTalk in AO list with inline link + reference
What is the best app to learn Arabic (Modern Standard),Yes,-,AO present; uTalk not mentioned
What is the best app to learn Armenian,Yes,-,AO present; uTalk not mentioned
What is the best app to learn Assamese,Yes,-,AO present; uTalk not mentioned
What is the best app to learn Azerbaijani,Yes,-,AO present (2nd attempt; 1st body call failed); uTalk not mentioned
What is the best app to learn Basque,Yes,-,AO present; uTalk not mentioned
What is the best app to learn Belarusian,Yes,-,AO present; uTalk not mentioned
What is the best app to learn Bemba,Yes,https://utalk.com/store/chibemba,uTalk is lead recommendation in AO; inline link + reference
What is the best app to learn Bengali,Yes,-,"AO present, uTalk not featured"
What is the best app to learn Bosnian,Yes,https://utalk.com/store/bosnian,AO names Drops and Ling as best; uTalk listed 4th with store link in text + references
What is the best app to learn Breton,Yes,https://utalk.com/store/breton,AO names uTalk best mainstream app; store link in text + references
What is the best app to learn Bulgarian,Yes,-,"AO present, uTalk not featured"
What is the best app to learn Burmese,Yes,-,"AO present; uTalk not mentioned (Ling, Simply Learn Burmese, Memrise, Bluebird listed)"
What is the best app to learn Cantonese,Yes,-,"AO present, uTalk not featured"
What is the best app to learn Catalan,Yes,-,"AO present; uTalk not mentioned (Duolingo, Clozemaster, LingQ, FunEasyLearn listed)"
What is the best app to learn Cebuano (Bisaya),Yes,https://utalk.com/store/cebuano,AO names Ling best overall; uTalk listed 4th (best for practical words) with store link in text + references
What is the best app to learn Chichewa (Nyanja),Yes,https://utalk.com/store/chichewa,AO names uTalk best overall app; store link in text + references
What is the best app to learn Chinese (Mandarin),Yes,-,"AO present, uTalk not featured"
What is the best app to learn Chinese (Hakka),Yes,https://utalk.com/plans/hakka,AO names uTalk best mainstream app; link is /plans/hakka (not /store/) in text + references
What is the best app to learn Cornish,Yes,-,AO present on attempts 1-2 but body unfetchable (rate limit / no results); no AO on attempt 3; utalk.com/store/cornish ranks #8 organic
What is the best app to learn Corsican,Yes,https://utalk.com/store/corsican,"AO names uTalk best mainstream app (sole app recommended); store link in text; no AO on attempt 1, fetched on attempt 2"
What is the best app to learn Croatian,Yes,-,AO present (inline text); uTalk not featured
What is the best app to learn Czech,Yes,-,AO present (inline text); uTalk not featured
What is the best app to learn Danish,Yes,-,AO present (inline text); uTalk not featured
What is the best app to learn Dari,Yes,-,AO present but body unfetchable after 3 attempts
What is the best app to learn Dzongkha,Yes,https://utalk.com/store/dzongkha,
What is the best app to learn Dutch,Yes,-,AO present (inline text); uTalk not featured
What is the best app to learn English (British),Yes,-,
What is the best app to learn English (American),Yes,-,
What is the best app to learn English (Australian),Yes,https://utalk.com/store/english-australian,
What is the best app to learn English (Canadian),Yes,-,
What is the best app to learn English (Cockney),Yes,https://utalk.com/store/english-cockney,
What is the best app to learn English (Indian),Yes,-,
What is the best app to learn English (Scottish),Yes,-,
What is the best app to learn Esperanto,Yes,-,uTalk named in AO text but no utalk.com link
What is the best app to learn Estonian,Yes,-,AO present; uTalk not cited (Speakly/Ling/Lingvist/Drops)
What is the best app to learn Fijian,Yes,https://utalk.com/store/fijian,
What is the best app to learn Filipino (Tagalog),Yes,-,AO present; uTalk not cited (Ling/Drops/Turong Wika/Simply Learn)
What is the best app to learn Finnish,Yes,-,AO present (inline text); uTalk not featured
What is the best app to learn Flemish,Yes,https://utalk.com/store/flemish,"uTalk cited as top app (ref index 0, inline link); also organic #2"
What is the best app to learn French,Yes,-,AO present (inline text); uTalk not featured
What is the best app to learn French (Canadian),Yes,https://utalk.com,"uTalk cited in AO list + reference; reference link is bare utalk.com homepage, not a /store/ URL"
What is the best app to learn Galician,Yes,https://utalk.com,uTalk named first in AO; AO reference link is domain-only (title = Galician store page; organic #7 is utalk.com/store/galician)
What is the best app to learn Georgian,Yes,-,AO present (2nd attempt; 1st body call errored); uTalk not cited (Ling/LingQ/Glossika/Gamarjoba)
What is the best app to learn German,Yes,-,AO present (inline text); uTalk not featured
What is the best app to learn German (Swiss),Yes,https://utalk.com/store/german-swiss,uTalk cited in AO (inline link + ref index 6) alongside Gruezi/Swiss German/Drops
What is the best app to learn Greek,Yes,-,AO present (inline text); uTalk not featured
What is the best app to learn Greek (Ancient),Yes,https://utalk.com/store/greek-ancient,
What is the best app to learn Greenlandic,Yes,https://utalk.com/store/greenlandic,
What is the best app to learn Gujarati,Yes,-,"AO present, uTalk not featured"
What is the best app to learn Haitian Creole,Yes,-,AO lists Pimsleur/Duolingo/Kreyolo/Learn Creole with Jorge; no uTalk
What is the best app to learn Hausa,Yes,https://utalk.com/store/hausa,uTalk named first in AO; utalk.com/store/hausa cited as reference and inline link
What is the best app to learn Hawaiian,Yes,https://utalk.com,"Duolingo lead; uTalk listed under Other Top Apps; reference link is bare utalk.com (Learn Hawaiian page), no /store/ path returned"
What is the best app to learn Hebrew,Yes,-,"AO present, uTalk not featured"
What is the best app to learn Hindi,Yes,-,"AO present, uTalk not featured"
What is the best app to learn Hungarian,Yes,-,"AO present, uTalk not featured"
What is the best app to learn Icelandic,Yes,-,"AO present, uTalk not featured"
What is the best app to learn Igbo,Yes,-,"AO present, uTalk not featured"
What is the best app to learn Ilocano,Yes,https://utalk.com/store/ilocano,uTalk named best overall app in AO; utalk.com/store/ilocano linked inline and as reference (also uTalk Play Store listing)
What is the best app to learn Indonesian,Yes,-,"AO present, uTalk not featured"
What is the best app to learn Irish,Yes,-,"AO present, uTalk not featured"
What is the best app to learn Italian,Yes,-,"AO present, uTalk not featured"
What is the best app to learn Japanese,Yes,-,"AO present, uTalk not featured"
What is the best app to learn Javanese,Yes,-,AO lists Memrise/Bluebird/Ling/Ivoca; no uTalk
What is the best app to learn Jèrriais,Yes,https://utalk.com/store/jerriais,uTalk named THE best app in AO (developed with L'Office du Jerriais); utalk.com/store/jerriais linked inline and as reference
What is the best app to learn Kannada,Yes,-,AO lists Learn Kannada SmartApp/Simply Learn/Ling; no uTalk
What is the best app to learn Kazakh,Yes,-,AO lists Ling/Memrise/Soz/Aity/Soyle.kz; no uTalk
What is the best app to learn Khmer,Yes,-,AO lists Ling/Simply Learn/LingQ/ReanKhmer; no uTalk
What is the best app to learn Kinyarwanda,Yes,https://utalk.com,"NKENNE lead; uTalk listed 2nd in AO; reference link is bare utalk.com (Learn Rwanda page), no /store/ path returned"
What is the best app to learn Kirundi,Yes,https://utalk.com/store/kirundi,"uTalk listed first in AO; utalk.com/store/kirundi linked inline and as reference (1st body fetch failed, succeeded on attempt 2)"
What is the best app to learn Korean,Yes,-,"AO present, uTalk not featured"
What is the best app to learn Kurdish (Kurmanji),Yes,https://utalk.com/store/kurdish-kurmanji,"Bimus/ZimanGo/Awa lead; uTalk listed 4th in AO; utalk.com/store/kurdish-kurmanji linked inline and as reference (1st body fetch failed, succeeded on attempt 2)"
What is the best app to learn Kurdish (Sorani),Yes,https://utalk.com/store/kurdish-sorani,uTalk named first in AO (uTalk and Bluebird top choices); utalk.com/store/kurdish-sorani linked inline and as reference
What is the best app to learn Kutchi,Yes,https://utalk.com/store/kachchi,AO recommends uTalk as best app; store link in text + references
What is the best app to learn Kyrgyz,Yes,-,AO present but body unfetchable after 3 attempts
What is the best app to learn Ladino,Yes,https://utalk.com,AO names uTalk as best app; reference link is utalk.com homepage (no /store/ladino link); fetched on attempt 3
What is the best app to learn Lao,Yes,-,"AO present, uTalk not featured"
What is the best app to learn Latin,Yes,-,AO body fetched on attempt 2; lists Legentibus/Duolingo/Cattus/Anki/Preply; uTalk not mentioned
What is the best app to learn Latvian,Yes,https://utalk.com/store/latvian,utalk.com/store/latvian linked in AO
What is the best app to learn Lingala,Yes,https://utalk.com,"AO body fetched on attempt 2; uTalk named top-rated, ref link is homepage"
What is the best app to learn Lithuanian,Yes,-,no uTalk mention in AO (Ling/Pimsleur/Simply Learn/Drops/50 Languages)
What is the best app to learn Luganda,Yes,https://utalk.com/store/luganda,uTalk is lead recommendation; utalk.com/store/luganda linked in AO text and reference 0
What is the best app to learn Luxembourgish,Yes,-,no uTalk mention in AO (LLO.LU/Aurelux/Sproo/LetzLearn/LuxVoice)
What is the best app to learn Macedonian,Yes,-,AO lists LingQ/OpaLingo/Bluebird/50languages; uTalk not mentioned
What is the best app to learn Malagasy,Yes,-,AO present but body unfetchable after 3 attempts (attempt 2 SERP returned results for bare word 'What'); weltsprachen.net snippet lists uTalk Malagasy App
What is the best app to learn Malay,Yes,https://utalk.com/store/malay,uTalk listed 2nd (best for practical vocabulary); utalk.com/store/malay linked in AO text and reference 2
What is the best app to learn Malayalam,Yes,-,AO body inline; uTalk not mentioned
What is the best app to learn Maltese,Yes,-,uTalk named in AO text but no utalk.com link
What is the best app to learn Manx,Yes,-,uTalk named in AO text but no utalk.com link
What is the best app to learn Maori,Yes,-,uTalk named in AO text but no utalk.com link (listed 5th of 7; reference to uTalk Maori store page is a google.com/goto redirect; Korerorero and Drops named top)
What is the best app to learn Marathi,Yes,-,no uTalk mention in AO (Ling/50LANGUAGES/Indilingo/Learn Marathi From English)
What is the best app to learn Mongolian,Yes,-,AO present but body unfetchable after 3 attempts
What is the best app to learn Neapolitan,Yes,-,no uTalk mention in AO (Learn Neapolitan/Memrise/italki); utalk.com/store/neapolitan is organic #4 but not cited
What is the best app to learn Nepali,Yes,-,AO body inline; uTalk not mentioned
What is the best app to learn Norwegian,Yes,-,AO body inline; uTalk not mentioned
What is the best app to learn Odia,Yes,-,no uTalk mention in AO (Indilingo/Ivoca/Bluebird/Learn Odia Write Odia/HelloTalk)
What is the best app to learn Oromo,Yes,https://utalk.com/store/oromo,uTalk is lead recommendation (best overall); utalk.com/store/oromo linked in AO text and reference 0. Note: 1st SERP attempt had no AO; AO appeared on 2nd/3rd attempts
What is the best app to learn Papiamentu,Yes,https://utalk.com/store/papiamento,uTalk listed 3rd (after Lora and iLearn Papiamento); utalk.com/store/papiamento linked in AO text and reference 4
What is the best app to learn Pashto,Yes,-,AO body inline; uTalk not mentioned
What is the best app to learn Penang Hokkien,Yes,https://utalk.com/store/penang,"uTalk is the sole dedicated recommendation; utalk.com/store/penang linked in AO text, utalk.com press release is reference 1"
What is the best app to learn Persian,Yes,-,AO body inline; uTalk not mentioned
What is the best app to learn Pidgin (Nigerian),Yes,-,"AO present but body unfetchable after 3 attempts (AO shown on attempts 1-2, body call failed both; attempt 3 SERP had no AO). utalk.com/store/pidgin-nigerian ranks organic #2"
What is the best app to learn Polish,Yes,-,AO body inline; uTalk not mentioned
What is the best app to learn Portuguese,Yes,-,AO body inline; uTalk not mentioned
What is the best app to learn Portuguese (Brazilian),Yes,-,AO body fetched; uTalk not mentioned
What is the best app to learn Punjabi (Indian),Yes,-,"AO present; uTalk not cited (Ling, Indilingo, Simply Learn, PunjabiCharm)"
What is the best app to learn Punjabi (Pakistani),Yes,https://utalk.com/store/punjabi-pakistani,
What is the best app to learn Romanian,Yes,-,"AO present, uTalk not featured"
What is the best app to learn Russian,Yes,-,"AO present, uTalk not featured"
What is the best app to learn Saami (Southern),Yes,https://utalk.com/store/saami-southern,
What is the best app to learn Samoan,Yes,-,uTalk named in AO text but no utalk.com link (links to apps.apple.com uTalk listing instead)
What is the best app to learn Sanskrit,Yes,-,"AO present; uTalk not cited (Little Guru, Indilingo, Speak Sanskrit, Liberation Philology)"
What is the best app to learn Sardinian,Yes,https://utalk.com/store/sardinian,
What is the best app to learn Scots,Yes,-,"AO present; says no major app for Lowland Scots exists and lists Scottish Gaelic apps (Bluebird, Duolingo, LearnGaelic) - uTalk not cited"
What is the best app to learn Scottish Gaelic,Yes,-,"AO present, uTalk not featured"
What is the best app to learn Serbian,Yes,-,"AO present, uTalk not featured"
What is the best app to learn Sesotho (Southern Sotho),Yes,https://utalk.com/store/southern-sotho,
What is the best app to learn Shona,Yes,https://utalk.com/store/shona,
What is the best app to learn Sicilian,Yes,https://utalk.com/store/sicilian,body fetched on attempt 2
What is the best app to learn Sindhi,Yes,-,AO present (2nd attempt; 1st body call errored); uTalk not cited (Sindhi Sangat/Bluebird/Indilingo)
What is the best app to learn Sinhala,Yes,https://utalk.com/store/sinhala,uTalk named top choice with Ling (inline link + ref index 3); 2nd attempt after body error
What is the best app to learn Slovak,Yes,-,"AO present, uTalk not featured"
What is the best app to learn Slovenian,Yes,-,AO present; uTalk not cited (Ling/Memrise/Glossika/Slonline)
What is the best app to learn Somali,Yes,-,AO present but body unfetchable after 3 attempts (note: utalk.com/store/somali ranks organic #8)
What is the best app to learn Spanish,Yes,-,"AO present, uTalk not featured"
What is the best app to learn Spanish (Argentinian),Yes,-,
What is the best app to learn Spanish (Latin American),Yes,-,
What is the best app to learn Swahili,Yes,-,"AO present, uTalk not featured"
What is the best app to learn Swedish,Yes,-,"AO present, uTalk not featured"
What is the best app to learn Tajiki,Yes,https://utalk.com/store/tajiki,
What is the best app to learn Tamazight (Rif Berber),Yes,https://utalk.com/store/berber,
What is the best app to learn Tamil,Yes,-,"AO present, uTalk not featured"
What is the best app to learn Telugu,Yes,-,
What is the best app to learn Thai,Yes,-,"AO present, no uTalk link or mention"
What is the best app to learn Tibetan,Yes,-,"AO present, no uTalk link or mention (manual re-check)"
What is the best app to learn Tigrinya,Yes,-,
What is the best app to learn Tok Pisin,Yes,https://utalk.com/store/tok-pisin,
What is the best app to learn Tswana,Yes,https://utalk.com/store/tswana,
What is the best app to learn Tumbuka,Yes,-,AO present but body unfetchable after 3 attempts
What is the best app to learn Turkish,Yes,-,
What is the best app to learn Turkmen,Yes,-,AO present but body unfetchable after 3 attempts
What is the best app to learn Ukrainian,Yes,-,"AO present, no uTalk link or mention"
What is the best app to learn Urdu,Yes,-,"AO present, no uTalk link or mention"
What is the best app to learn Uzbek,Yes,https://utalk.com/store/uzbek,
What is the best app to learn Vietnamese,Yes,-,"AO present, no uTalk link or mention"
What is the best app to learn Welsh,Yes,-,"AO present, no uTalk link or mention"
What is the best app to learn Wolof,Yes,-,AO present but body unfetchable after 3 attempts (attempt 2 returned no AO; utalk.com/store/wolof ranks organic #5)
What is the best app to learn Wu Chinese (Shanghainese),Yes,https://utalk.com/store/wu-shanghainese,"uTalk named THE best app; multiple utalk.com refs (store, plans, homepage, blog) incl. inline links"
What is the best app to learn Xhosa,Yes,https://utalk.com/plans/xhosa,"uTalk named first with Memrise (inline link + ref index 1); only /plans/ URL in AO, no /store/ URL"
What is the best app to learn Yoruba,Yes,-,"AO present, no uTalk link or mention"
What is the best app to learn Yucatec Maya (Mayan),Yes,https://utalk.com/store/yucatec-mayan,"uTalk named THE best app; store page inline-linked + ref index 1, blog ref index 0"
What is the best app to learn Zulu,Yes,https://utalk.com/store/zulu,uTalk named first with Duolingo (inline link + ref index 0); 2nd attempt after body error
