date,title,year,confidence,why,alternates
01-01,Rocky,1976,A,"Apollo Creed stages his Bicentennial title fight on New Year's Day, 1 January 1976 — the date the whole film counts down to.","The Poseidon Adventure (1972) — capsizes at midnight, the entire escape happens on 1 Jan; Platoon (1968 New Year's Day battle); Trading Places"
01-02,The Beatles: Get Back,2021,A,Opens on a title card reading Thursday 2 January 1969 — day one of the Twickenham sessions. Every subsequent day is date-stamped on screen.,"1492: Conquest of Paradise (surrender of Granada, 2 Jan 1492)"
01-03,The Turin Horse,2011,A,"Béla Tarr opens by narrating Nietzsche's collapse in Turin on 3 January 1889, throwing his arms around a flogged cab horse — then follows that horse.","Jobs (Apple Computer incorporated, 3 Jan 1977)"
01-04,Cromwell,1970,B,Dramatises Charles I marching into the Commons to arrest the Five Members on 4 January 1642 — 'I see the birds have flown' — the spark for the Civil War.,To Kill a King (2003)
01-05,An Officer and a Spy,2019,A,"Opens with the public degradation of Alfred Dreyfus in the courtyard of the École Militaire, 5 January 1895.","The Time Machine (1960) — the second dinner party, 5 January 1900"
01-06,Spotlight,2015,A,"The film climaxes on the Boston Globe's publication date: 6 January 2002, the morning the Spotlight team's first abuse story ran.","Twelfth Night (1996) — the Feast of Epiphany; Blood Diamond (RUF assault on Freetown, 6 Jan 1999)"
01-07,Galileo,1975,B,Joseph Losey's Brecht adaptation turns on Galileo sighting the moons of Jupiter through his telescope on the night of 7 January 1610.,Charlie Hebdo documentaries (7 Jan 2015)
01-08,The Buccaneer,1958,A,"Jean Lafitte and Andrew Jackson at the Battle of New Orleans, fought 8 January 1815 — the film's entire climax.",Elvis (2022) — Presley born 8 January 1935
01-09,Nicholas and Alexandra,1971,B,"Stages Bloody Sunday, 9 January 1905, when the Imperial Guard fired on Gapon's petitioners outside the Winter Palace.",Battleship Potemkin (1925) — the 1905 revolution it triggered
01-10,Metropolis,1927,C,Cinema's most influential city premiered in Berlin on 10 January 1927 — a film set in a future that keeps arriving.,"Caesar crosses the Rubicon, 10 January 49 BC"
01-11,Amelia,2009,C,"Earhart's solo Honolulu–Oakland flight, begun 11 January 1935 — the first by anyone, in either direction.",Night Will Fall (1945 concentration-camp footage)
01-12,Fatal Assistance,2013,B,"Raoul Peck's film starts with the 35 seconds of the Haiti earthquake, 12 January 2010, and then follows the two years of failed help.",Agatha Christie died 12 January 1976
01-13,Walk the Line,2005,A,The film is framed by Johnny Cash's concert at Folsom State Prison on 13 January 1968 — it opens and closes there.,Costa Concordia documentaries (13 Jan 2012)
01-14,Casablanca,1942,C,"Warners rushed it into general release to land on the Casablanca Conference, which opened on 14 January 1943. The luckiest booking in Hollywood history.","Marilyn Monroe marries Joe DiMaggio, 14 January 1954"
01-15,Sully,2016,A,US Airways 1549 ditches in the Hudson at 15:31 on 15 January 2009. The film replays that afternoon repeatedly.,Selma (Martin Luther King Jr born 15 January 1929)
01-16,Jarhead,2005,B,Swofford's war begins with the opening of the Desert Storm air campaign on the night of 16/17 January 1991.,The Roaring Twenties (Prohibition ratified 16 Jan 1919)
01-17,Scott of the Antarctic,1948,A,Scott's party reaches the South Pole on 17 January 1912 to find Amundsen's tent already there — the film's devastating centrepiece.,"The Big Lebowski (Gulf War, January 1991)"
01-18,Goodbye Christopher Robin,2017,C,A.A. Milne was born on 18 January 1882; the film is what Winnie-the-Pooh cost his son.,"The Paris Peace Conference opens, 18 January 1919"
01-19,The Raven,2012,C,"A Poe murder mystery, released to mark the poet's birthday: Edgar Allan Poe born 19 January 1809.",Robert E. Lee birthday films
01-20,Nixon,1995,B,"Built around the presidency that begins and ends on Inauguration Day — Nixon sworn in 20 January 1969, and again 20 January 1973.",The American President; Dave
01-21,Marie Antoinette,1938,C,Louis XVI goes to the guillotine on 21 January 1793 in the Place de la Révolution.,Lenin dies 21 January 1924 — Reds
01-22,Zulu,1964,A,"The defence of Rorke's Drift, which began on the afternoon of 22 January 1879 and ran through the night.","Zulu Dawn (1979) — Isandlwana, the same morning; Victoria & Abdul (Victoria died 22 Jan 1901)"
01-23,Deepsea Challenge,2014,B,Piccard and Walsh touch the floor of the Challenger Deep in the bathyscaphe Trieste on 23 January 1960 — the film's starting point and its rival.,The Abyss
01-24,Steve Jobs,2015,A,"Act one is the Macintosh launch at Flint Center, 24 January 1984 — played out in real time backstage.",Pirates of Silicon Valley
01-25,The Square,2013,A,"Opens in Tahrir Square on 25 January 2011, the first day of the Egyptian revolution, and follows the occupation from there.",Burns Night films
01-26,Australia Day,2017,A,"Three interlocking stories that all unfold over the twelve hours of Australia Day, 26 January.",Australia (2008); The Castle
01-27,Amadeus,1984,C,Mozart was born on 27 January 1756; the film is his life told as Salieri's confession.,"27 January is Holocaust Memorial Day — the liberation of Auschwitz, 1945"
01-28,Argo,2012,A,The six houseguests fly out of Mehrabad on Swissair 363 on the morning of 28 January 1980 — the escape the whole film builds to.,Challenger disaster films (28 Jan 1986)
01-29,The Charge of the Light Brigade,1968,C,"Victoria instituted the Victoria Cross on 29 January 1856, for the war this film tears apart.","The Raven first published, 29 January 1845"
01-30,Bloody Sunday,2002,A,Greengrass covers a single day almost hour by hour: the Derry civil rights march of 30 January 1972.,"Gandhi (1982) — opens with the assassination, 30 January 1948; Full Metal Jacket (Tet, 30 Jan 1968)"
01-31,Lincoln,2012,A,The whole film drives at one roll-call: the House passing the Thirteenth Amendment on 31 January 1865.,Full Metal Jacket (Tet Offensive)
02-01,The Butler,2013,B,"Stages the Greensboro Woolworth's lunch-counter sit-in that began on 1 February 1960, intercut with the White House it changed.",Columbia disaster documentaries (1 Feb 2003)
02-02,Groundhog Day,1993,A,"The date, over and over. Punxsutawney, 2 February.",Candlemas films
02-03,La Bamba,1987,A,"The Day the Music Died — Buddy Holly, Ritchie Valens and the Big Bopper killed in the Clear Lake crash, 3 February 1959.",The Buddy Holly Story (1978); Serpico (shot 3 February 1971)
02-04,Patty Hearst,1988,A,Schrader opens with the SLA kidnapping Hearst from her Berkeley apartment on 4 February 1974.,"Facebook founded, 4 Feb 2004 — The Social Network"
02-05,Chaplin,1992,C,"Chaplin, Pickford, Fairbanks and Griffith founded United Artists on 5 February 1919 — the inmates taking over the asylum.","Colin Powell's UN presentation, 5 February 2003"
02-06,United,2011,B,The Munich air disaster of 6 February 1958 and what was left of Busby's team afterwards.,"Accession of Elizabeth II, 6 Feb 1952"
02-07,The Man Who Invented Christmas,2017,C,Charles Dickens was born on 7 February 1812; this is the six weeks in which he wrote A Christmas Carol.,"The Beatles land at JFK, 7 February 1964 — A Hard Day's Night"
02-08,Mary Queen of Scots,2018,A,"Mary Stuart is beheaded in the great hall at Fotheringhay on the morning of 8 February 1587, after nineteen years a prisoner.","Mary, Queen of Scots (1971); Once Upon a Time in Hollywood, whose first chapter card reads 8 February 1969"
02-09,The Beatles: Eight Days a Week,2016,A,"The Ed Sullivan Show broadcast of 9 February 1964 — 73 million viewers, the hinge of the touring years.",Yesterday (2019)
02-10,Bridge of Spies,2015,A,"The whole film is a negotiation for one morning: the Abel/Powers exchange on the Glienicke Bridge, 10 February 1962.",Nelson Mandela's release announced
02-11,Mandela: Long Walk to Freedom,2013,A,"Ends on the walk out of Victor Verster Prison, 11 February 1990.","Invictus (2009), which opens on the same footage"
02-12,Creation,2009,C,Darwin was born on 12 February 1809 (as was Lincoln); the film is his struggle to publish.,Lincoln (1809); Young Mr. Lincoln
02-13,Slaughterhouse-Five,1972,A,Billy Pilgrim comes unstuck in time around the firebombing of Dresden on the night of 13/14 February 1945.,Dresden (2006)
02-14,The St. Valentine's Day Massacre,1967,A,"Seven of Bugs Moran's men shot against a garage wall on North Clark Street, 14 February 1929.","Sleepless in Seattle (Empire State Building, Valentine's Day); Raging Bull (LaMotta–Robinson, 14 Feb 1951); Valentine's Day (2010)"
02-15,A Town Like Alice,1956,B,Singapore surrenders on 15 February 1942 and the women start walking.,"Paradise Road (1997); the USS Maine explodes, 15 February 1898"
02-16,The Mummy,1932,C,"Howard Carter opened Tutankhamun's burial chamber on 16 February 1923, and Universal had a monster within a decade.",Death on the Nile
02-17,Giordano Bruno,1973,B,Bruno is burned in the Campo de' Fiori on 17 February 1600 for saying the stars were suns.,"Madama Butterfly premieres at La Scala, 17 February 1904"
02-18,Sophie Scholl: The Final Days,2005,A,"Covers 18–22 February 1943 hour by hour, from the leaflet drop at Munich University on the 18th to the guillotine.","Pluto discovered, 18 Feb 1930"
02-19,Letters from Iwo Jima,2006,A,"The American landings on Iwo Jima, 19 February 1945, seen from inside the Japanese tunnels.",Sands of Iwo Jima (1949)
02-20,Hidden Figures,2016,A,"Built to one launch: John Glenn's three orbits aboard Friendship 7, 20 February 1962 — 'get the girl to check the numbers'.","The Right Stuff (1983), same flight"
02-21,Malcolm X,1992,A,The film is framed by the Audubon Ballroom assassination of 21 February 1965.,One Night in Miami
02-22,Miracle,2004,A,"USA 4, USSR 3 at Lake Placid, 22 February 1980. Do you believe in miracles?","Sophie Scholl executed, 22 Feb 1943; Washington's birthday"
02-23,Flags of Our Fathers,2006,A,"The second flag-raising on Mount Suribachi, 23 February 1945, and the photograph that ate six lives.",Letters from Iwo Jima
02-24,20 Days in Mariupol,2023,A,"Mstyslav Chernov's footage starts on 24 February 2022, the first morning of the full-scale invasion, and counts the days.",Winter on Fire
02-25,One Night in Miami...,2020,A,"Entirely set on the evening of 25 February 1964, in a Hampton House motel room, after Cassius Clay beat Sonny Liston.","Ali (2001), which opens with the same fight"
02-26,Castles in the Sky,2014,A,The Daventry Experiment of 26 February 1935 — Watson-Watt bounces a BBC signal off a bomber and invents radar.,"Napoleon escapes Elba, 26 February 1815 — Waterloo"
02-27,Cool Runnings,1993,B,"The Jamaican four-man bobsleigh crash at Calgary, 27 February 1988 — the run the film ends on.","Reichstag fire, 27 Feb 1933"
02-28,Waco: The Rules of Engagement,1997,B,"The ATF raid on Mount Carmel that began the 51-day siege, 28 February 1993.","The assassination of Olof Palme, 28 Feb 1986"
02-29,Leap Year,2010,A,"The entire premise: Anna races to Dublin to propose on 29 February, the one day tradition allows it.","The Pirates of Penzance (1983) — Frederic, born on the 29th, is 'a little boy of five'"
03-01,The Crucible,1996,B,"The Salem witch trials open on 1 March 1692, the day Tituba, Sarah Good and Sarah Osborne were first examined.","The Lindbergh kidnapping, 1 March 1932"
03-02,The Lorax,2012,C,"Dr Seuss was born on 2 March 1904, which is why America reads aloud on this date.","Concorde's maiden flight, 2 March 1969"
03-03,Straight Outta Compton,2015,B,"The Rodney King beating of 3 March 1991 detonates in the middle of the film, and the verdict burns the end of it.",The Rodney King documentaries
03-04,Annie,1982,C,Roosevelt is inaugurated on 4 March 1933 — 'the only thing we have to fear' — and the film puts Annie in the room for the New Deal.,Sunrise at Campobello
03-05,The Death of Stalin,2017,A,"Stalin's stroke and death, 2–5 March 1953, played as farce — the corpse is the plot.","The Boston Massacre, 5 March 1770 (John Adams)"
03-06,The Alamo,1960,A,"The final assault on the Alamo at dawn on 6 March 1836, after a thirteen-day siege.",The Alamo (2004)
03-07,Selma,2014,A,"Bloody Sunday on the Edmund Pettus Bridge, 7 March 1965 — the film's shattering centrepiece.",Rosa Parks films
03-08,Suffragette,2015,C,"International Women's Day, marked on 8 March since 1913.","Malaysia Airlines MH370 vanishes, 8 March 2014"
03-09,Notorious,2009,A,"The drive-by that killed Christopher Wallace in Los Angeles, 9 March 1997.",All Eyez on Me
03-10,The Story of Alexander Graham Bell,1939,A,"'Mr. Watson, come here, I want to see you' — the first telephone call, 10 March 1876.",The Sound of Music (Anschluss)
03-11,Fukushima 50,2020,A,The Tōhoku earthquake and tsunami hit at 14:46 on 11 March 2011; the film stays inside Daiichi from that minute.,"The Madrid train bombings, 11 March 2004"
03-12,The Sound of Music,1965,B,The Anschluss of 12 March 1938 is what turns a governess musical into an escape film — the swastika drops over the von Trapp gate.,The Third Man
03-13,Schindler's List,1993,A,"The liquidation of the Kraków ghetto, 13 March 1943 — the girl in the red coat.",The Pianist
03-14,Pi,1998,B,"Pi Day, 3/14. Max Cohen's hunt for the number underneath everything.",Einstein born 14 March 1879; Marx died 14 March 1883
03-15,The Ides of March,2011,A,"The title is the date: 15 March, the day Caesar was warned about and Clooney's campaign learns the same lesson.","Julius Caesar (1953) — the assassination itself, 44 BC"
03-16,Four Hours in My Lai,1989,A,Charlie Company enters My Lai at 7:30am on 16 March 1968; the film reconstructs the next four hours from the men who were there.,Casualties of War (1989); Platoon
03-17,The Boondock Saints,1999,A,"Opens on St Patrick's Day in South Boston, 17 March — Mass, then the bar fight that starts everything.",The Departed; Darby O'Gill and the Little People
03-18,The Age of Pioneers,2017,A,"Alexei Leonov leaves Voskhod 2 for the first spacewalk on 18 March 1965, and can't get back in.","The Gardner Museum heist, 18 March 1990"
03-19,Green Zone,2010,C,Opens with the shock-and-awe bombardment of Baghdad that began on 19 March 2003.,The Hurt Locker
03-20,A,1998,B,"Mori Tatsuya films Aum Shinrikyo from the inside after the sarin attack on the Tokyo subway, 20 March 1995.",The spring equinox; Kurosawa's Ikiru
03-21,The Purge,2013,A,Sirens at 7pm on 21 March; all crime legal until 7am on the 22nd. The date is on screen.,"The Sharpeville massacre, 21 March 1960 (Sarafina!)"
03-22,Yesterday,2019,C,"Please Please Me, the album that starts everything, was released on 22 March 1963. This is the world where it wasn't.","The Lumieres' first private projection, 22 March 1895"
03-23,Vincere,2009,B,"Mussolini founds the Fasci Italiani di Combattimento in Milan on 23 March 1919, and starts erasing the wife who funded him.","Reagan's 'Star Wars' speech, 23 March 1983"
03-24,The Breakfast Club,1985,A,"Brian's essay is dated on screen: Saturday, March 24, 1984, Shermer High School, Shermer, Illinois.","The Exxon Valdez, 24 March 1989"
03-25,The Great Escape,1963,A,Seventy-six men out of Stalag Luft III on the moonless night of 24/25 March 1944.,"The Triangle Shirtwaist fire, 25 March 1911; The Lord of the Rings — the Ring goes into the fire on 25 March"
03-26,Immortal Beloved,1994,B,"Opens with Beethoven's funeral — he died on 26 March 1827, and 20,000 Viennese followed the coffin.","The Camp David Accords signed, 26 March 1979"
03-27,Birdman,2014,C,"World Theatre Day, 27 March — and no film is more about what a stage does to a person.","The Tenerife runway collision, 27 March 1977"
03-28,The China Syndrome,1979,B,"Three Mile Island partially melted down on 28 March 1979 — twelve days after this film opened, and almost exactly as scripted.",Silkwood
03-29,Coming Home,1978,C,The last American combat troops left Vietnam on 29 March 1973; this is what came back with them.,"The Terracotta Army found, 29 March 1974"
03-30,Loving Vincent,2017,C,"Van Gogh was born on 30 March 1853; the film is painted in his own hand, frame by frame.","Reagan shot outside the Hilton, 30 March 1981"
03-31,Selena,1997,A,Selena Quintanilla-Pérez was shot at the Days Inn in Corpus Christi on 31 March 1995.,Eiffel (2021) — the tower opened 31 March 1889
04-01,April Fool's Day,1986,A,"A weekend of pranks that turns lethal, on the one date that licenses it.",The Ghoul; Bugsy Malone
04-02,An Ungentlemanly Act,1992,A,"The Argentine landings at Port Stanley, 1–2 April 1982, told from inside Government House.",The Iron Lady (2011)
04-03,The Assassination of Jesse James by the Coward Robert Ford,2007,A,"Jesse James shot in the back of the head while straightening a picture in St Joseph, 3 April 1882.",The Great Train Robbery
04-04,Nineteen Eighty-Four,1984,A,"Winston Smith opens the diary and writes the first forbidden words: April 4th, 1984.","Martin Luther King Jr assassinated at the Lorraine Motel, 4 April 1968"
04-05,Last Days,2005,B,Van Sant's fictionalised Cobain drifts through the days around 5 April 1994.,Danton (1983) — Danton guillotined 5 April 1794
04-06,Hotel Rwanda,2004,A,Habyarimana's plane is shot down on the evening of 6 April 1994 and the killing starts that night.,"Sometimes in April (2005), which date-stamps every day of the genocide"
04-07,Sometimes in April,2005,A,Date-stamps its way through the Rwandan genocide day by day; 7 April 1994 is when the roadblocks go up and the lists come out.,Hotel Rwanda; World Health Day
04-08,Empire Records,1995,A,"Rex Manning Day. April 8th, in-store appearance, 'damn the man, save the Empire'.",Buddha's birthday films
04-09,April 9th,2015,A,"The title is the date: the German invasion of Denmark, 9 April 1940, and a bicycle company's four-hour war.","Appomattox, 9 April 1865"
04-10,A Night to Remember,1958,B,Titanic leaves Southampton on 10 April 1912 — the film starts with the champagne and the gangway.,Titanic (1997)
04-11,Hannah Arendt,2012,B,The Eichmann trial opens in Jerusalem on 11 April 1961 and Arendt is in the press gallery.,"Apollo 13 launches, 11 April 1970; Operation Finale"
04-12,Gagarin: First in Space,2013,A,Poyekhali — Vostok 1 lifts off at 09:07 Moscow time on 12 April 1961.,"Captain Phillips (rescued 12 April 2009); Fort Sumter, 12 April 1861"
04-13,Apollo 13,1995,A,"The oxygen tank stirs and blows at 55 hours in, on 13 April 1970. 'Houston, we have a problem.'",The Cabinet of Dr. Caligari
04-14,Titanic,1997,A,"Iceberg right ahead, 11:40pm on 14 April 1912.",Lincoln shot at Ford's Theatre the same night in 1865 — The Conspirator (2010)
04-15,42,2013,A,"Jackie Robinson's debut at Ebbets Field, 15 April 1947 — a date every MLB club now wears.","Patriots Day (Boston Marathon bombing, 15 April 2013); Titanic goes down at 2:20am"
04-16,Culloden,1964,A,"Peter Watkins films the last pitched battle on British soil, 16 April 1746, as if a news crew were on the moor.",Rob Roy; Chaplin (born 16 April 1889)
04-17,The Killing Fields,1984,A,The Khmer Rouge enter Phnom Penh on 17 April 1975 and Year Zero begins.,First They Killed My Father (2017)
04-18,San Francisco,1936,A,"5:12am, 18 April 1906 — the earthquake sequence that the whole film exists for.","Paul Revere's ride, 18 April 1775"
04-19,The Pianist,2002,A,The Warsaw Ghetto Uprising begins on 19 April 1943; Szpilman watches it from a window across the wall.,"Uprising (2001); Lexington and Concord, 19 April 1775; Waco, 19 April 1993"
04-20,Deepwater Horizon,2016,A,"The blowout on the night of 20 April 2010, reconstructed almost minute by minute.","Downfall — Hitler's last birthday in the bunker, 20 April 1945"
04-21,The Red Baron,2008,A,Manfred von Richthofen is shot down over the Somme on 21 April 1918.,"Rome founded, 21 April 753 BC — Romulus and Remus films"
04-22,The Murder of Stephen Lawrence,1999,A,Stephen Lawrence is killed at a bus stop in Eltham on the night of 22 April 1993; the film follows what the police did next.,"Earth Day — WALL·E, Silent Running"
04-23,Shakespeare in Love,1998,C,"St George's Day, and the day Shakespeare was both born (1564) and died (1616).",Henry V (1989) — the St Crispin's Day speech belongs to 25 October
04-24,The Promise,2016,A,"24 April 1915 — the round-up of Armenian intellectuals in Constantinople, the start of the genocide.",Ararat (2002)
04-25,Gallipoli,1981,A,"The ANZAC landings at Gaba Tepe, 25 April 1915 — Anzac Day.",The Water Diviner (2014)
04-26,Chernobyl: Abyss,2021,A,Reactor 4 explodes at 01:23 on 26 April 1986; the film follows the divers sent under it.,Guernica bombed 26 April 1937
04-27,Sarafina!,1992,C,"Freedom Day: South Africa's first non-racial election, 27 April 1994 — the thing Sarafina's generation was jailed for.","Magellan killed at Mactan, 27 April 1521"
04-28,Kon-Tiki,2012,A,Heyerdahl's balsa raft is towed out of Callao on 28 April 1947 for 101 days on the Pacific.,"Mussolini executed at Giulino, 28 April 1945"
04-29,LA 92,2017,A,The Rodney King verdict lands on the afternoon of 29 April 1992 and Los Angeles goes up; assembled entirely from that week's footage.,"The Messenger: The Story of Joan of Arc — Joan reaches Orléans, 29 April 1429"
04-30,Downfall,2004,A,Hitler shoots himself in the Führerbunker on the afternoon of 30 April 1945.,"The Deer Hunter — Saigon falls, 30 April 1975; Walpurgis Night"
05-01,Senna,2010,A,"Tamburello corner, lap 7 of the San Marino Grand Prix, 1 May 1994.",May Day — Sabotage (1936); Rush (1976 season)
05-02,Zero Dark Thirty,2012,A,"The Abbottabad raid on the night of 1/2 May 2011 — the last forty minutes are that night, in night vision.",Seal Team Six (2012)
05-03,Goya's Ghosts,2006,B,Goya paints The Third of May 1808 — the Madrid executions the film re-stages.,Napoleon (2023)
05-04,Kent State,1981,B,"The Ohio National Guard fires on students at Kent State, 4 May 1970. Four dead in Ohio.","Star Wars (1977) — May the Fourth, the wildcard pick"
05-05,Hunger,2008,A,"Bobby Sands dies on the 66th day of his hunger strike, 5 May 1981.","Hacksaw Ridge — Doss's night on the Maeda Escarpment, 5 May 1945; Cinco de Mayo"
05-06,The Hindenburg,1975,A,"Lakehurst, New Jersey, 6 May 1937. 'Oh, the humanity.'","Four Minutes — Bannister's mile at Iffley Road, 6 May 1954"
05-07,Dien Bien Phu,1992,A,The garrison falls on 7 May 1954 after 56 days — Schoendoerffer was there with a camera as a soldier.,"The Lusitania sunk, 7 May 1915"
05-08,A Royal Night Out,2015,A,"VE Day, 8 May 1945 — the two princesses slip out of the Palace into the crowds for one night.",Hope and Glory; The Best Years of Our Lives
05-09,The Cranes Are Flying,1957,A,"Ends on Victory Day, 9 May 1945, with Veronika handing out flowers to men who came back to somebody else.",Come and See; Ballad of a Soldier
05-10,Darkest Hour,2017,A,"Churchill kisses hands as Prime Minister on 10 May 1940, the morning Germany invades the Low Countries.","Everest (2015) — summit day, 10 May 1996"
05-11,Goodfellas,1990,A,"The caption reads Sunday, May 11th, 1980. Helicopters, ziti, and the end of Henry Hill.","Operation Finale — Eichmann seized in Buenos Aires, 11 May 1960"
05-12,The Terminator,1984,B,The police put the Sarah Connor killings on 12 May 1984 — the night the machine arrives in Griffith Park.,Florence Nightingale born 12 May 1820
05-13,Fatima,2020,A,"The first apparition at the Cova da Iria, 13 May 1917 — and the thirteenth of every month after it.",The Miracle of Our Lady of Fatima (1952)
05-14,Exodus,1960,B,"Ends on the declaration of the State of Israel, 14 May 1948.",Cast a Giant Shadow (1966)
05-15,The Founder,2016,B,The McDonald brothers open the San Bernardino drive-in on 15 May 1940 — the restaurant Ray Kroc takes off them.,"Nylon goes on sale, 15 May 1940"
05-16,The Dam Busters,1955,A,617 Squadron takes off from Scampton on the evening of 16 May 1943 with the bouncing bomb.,The Cannes Film Festival opens most years on this date
05-17,Separate but Equal,1991,A,Brown v. Board of Education is decided on 17 May 1954 — the film is the argument that got there.,Norwegian Constitution Day films
05-18,Control,2007,A,"Ian Curtis hangs himself in the kitchen at 77 Barton Street on the morning of 18 May 1980, hours before the US tour.","St. Helens (1981) — the mountain blows the same morning, 18 May 1980"
05-19,Anne of the Thousand Days,1969,A,"Anne Boleyn is beheaded on Tower Green, 19 May 1536.",The Other Boleyn Girl (2008)
05-20,The Spirit of St. Louis,1957,A,Lindbergh lifts off from Roosevelt Field in the mud at 07:52 on 20 May 1927.,"Amelia — Earhart's Atlantic solo, 20 May 1932"
05-21,Madras Cafe,2013,A,Built around the assassination of Rajiv Gandhi at Sriperumbudur on the night of 21 May 1991.,"Lindbergh lands at Le Bourget, 21 May 1927 — The Spirit of St. Louis"
05-22,The Private Life of Sherlock Holmes,1970,C,Arthur Conan Doyle was born on 22 May 1859; Wilder's film is the most affectionate thing anyone has done to his creation.,"Pac-Man released, 22 May 1980"
05-23,Bonnie and Clyde,1967,A,"The ambush on a back road near Gibsland, Louisiana, 23 May 1934 — the last ninety seconds of the film.","The Highwaymen (2019), the same morning from the Rangers' car"
05-24,Brooklyn Bridge,1981,B,"The bridge opens on 24 May 1883, and Burns's film is built around that afternoon.",Bob Dylan born 24 May 1941 — I'm Not There
05-25,The Hitchhiker's Guide to the Galaxy,2005,C,"Towel Day, 25 May — and the Earth is demolished on a Thursday, which is never a good day.","Star Wars opens, 25 May 1977; JFK's moon pledge, 25 May 1961"
05-26,Fever Pitch,1997,A,"Anfield, 26 May 1989, injury time: 'It's up for grabs now.' Arsenal take the title by a goal.",Dunkirk (2017) — Operation Dynamo begins 26 May 1940
05-27,Sink the Bismarck!,1960,A,The Bismarck goes down in the North Atlantic on the morning of 27 May 1941.,The Golden Gate Bridge opened 27 May 1937
05-28,Dazed and Confused,1993,A,"The last day of school in Austin, Texas: 28 May 1976, and the night that follows it.",Everest (Hillary and Tenzing set out for the summit)
05-29,Beyond the Edge,2013,A,Hillary and Tenzing stand on the summit of Everest at 11:30am on 29 May 1953.,"Constantinople falls, 29 May 1453; the Heysel disaster, 29 May 1985"
05-30,The Passion of Joan of Arc,1928,A,"The trial record and the fire at Rouen, 30 May 1431 — Falconetti's face for ninety minutes.",The Trial of Joan of Arc (1962)
05-31,Operation Finale,2018,B,Adolf Eichmann is hanged at Ramla just before midnight on 31 May 1962 — the end of the operation the film stages.,"The Johnstown Flood, 31 May 1889"
06-01,Dunkirk,2017,B,"The mole, the sea and the air converge on the last days of Operation Dynamo, 1–4 June 1940.",Their Finest; Atonement's beach sequence
06-02,A Queen Is Crowned,1953,A,"The coronation of Elizabeth II in Westminster Abbey, 2 June 1953, filmed in Technicolor and in the rain.",The Crown material; A Royal Night Out
06-03,The Gate of Heavenly Peace,1995,A,The army moves into Tiananmen Square on the night of 3/4 June 1989; the film covers the seven weeks up to it.,Summer Palace (2006)
06-04,Midway,2019,A,Four Japanese carriers lost in five minutes on the morning of 4 June 1942.,"Midway (1976); 24 Hour Party People — the Sex Pistols at the Free Trade Hall, 4 June 1976"
06-05,Ferris Bueller's Day Off,1986,B,"The internal evidence — the Cubs game, the attendance records — pins Ferris's day off to Wednesday 5 June 1985.","The Six-Day War begins, 5 June 1967"
06-06,Saving Private Ryan,1998,A,"Dog Green sector, Omaha Beach, 06:30 on 6 June 1944.",The Longest Day (1962); Overlord (1975)
06-07,Jubilee,1978,B,Jarman's punk England is the Silver Jubilee of 7 June 1977 turned inside out — the same week the Sex Pistols played the Thames on a boat.,The Filth and the Fury; The Great Rock 'n' Roll Swindle
06-08,Hearts and Minds,1974,C,Nick Ut photographed Kim Phuc on Route 1 at Trang Bang on 8 June 1972; this is the film that put that war on trial.,"Nineteen Eighty-Four published, 8 June 1949"
06-09,Secretariat,2010,A,"The Belmont Stakes, 9 June 1973 — thirty-one lengths, and a track record nobody has touched since.","Donald Duck's debut, 9 June 1934"
06-10,Lidice,2011,A,The village of Lidice is erased on 10 June 1942 in reprisal for Heydrich.,Anthropoid (2016)
06-11,Escape from Alcatraz,1979,A,Frank Morris and the Anglin brothers go up the ventilator shaft on the night of 11 June 1962 and are never seen again.,"Goodfellas — Billy Batts, captioned 11 June 1970"
06-12,Ghosts of Mississippi,1996,A,Medgar Evers is shot in his own driveway just after midnight on 12 June 1963; the film is the thirty-year fight to convict.,"The Diary of Anne Frank — Anne's birthday and first entry, 12 June 1942"
06-13,The Post,2017,A,The New York Times runs the Pentagon Papers on 13 June 1971 and starts the clock on the Washington Post.,All the President's Men
06-14,Grenfell,2023,A,"Steve McQueen's single, silent circling of the tower that burned on 14 June 2017.","The Argentine surrender in the Falklands, 14 June 1982"
06-15,Ironclad,2011,B,John seals Magna Carta at Runnymede on 15 June 1215 — and immediately sets about tearing it up.,Robin Hood (2010)
06-16,Ulysses,1967,A,"Bloomsday. Dublin, 16 June 1904, from Sandycove to Eccles Street.",Bloom (2003)
06-17,All the President's Men,1976,A,Five men are arrested inside the DNC offices at the Watergate at 2:30am on 17 June 1972 — the film's first scene.,The Post
06-18,Waterloo,1970,A,"18 June 1815, from the squares at La Haye Sainte to the Guard breaking — with 15,000 real soldiers.","Ford v Ferrari — Le Mans starts at 4pm, 18 June 1966"
06-19,Ford v Ferrari,2019,A,The GT40s take the flag at Le Mans at 4pm on 19 June 1966 — and Ken Miles is robbed at the line.,"Miss Juneteenth (2020) — Juneteenth, 19 June 1865"
06-20,The Young Victoria,2009,A,They wake her at six on the morning of 20 June 1837 to tell her she is Queen.,"Jaws opens, 20 June 1975"
06-21,Mississippi Burning,1988,A,"Chaney, Goodman and Schwerner are pulled over and murdered on the night of 21 June 1964.",Midsommar (2019) — the solstice festival
06-22,The Brest Fortress,2010,A,Operation Barbarossa opens at 04:15 on 22 June 1941 and the garrison holds out for weeks.,"Come and See; the Empire Windrush docks at Tilbury, 22 June 1948"
06-23,Brexit: The Uncivil War,2019,A,The whole film is the campaign that ends at the polls on 23 June 2016.,The Imitation Game — Alan Turing born 23 June 1912
06-24,Invictus,2009,A,"Ellis Park, 24 June 1995: Joel Stransky's drop goal and Mandela in the number six jersey.","Kenneth Arnold sees nine flying saucers, 24 June 1947"
06-25,Little Big Man,1970,A,"Jack Crabb is the sole white survivor of the Little Bighorn, 25 June 1876.",Michael Jackson dies 25 June 2009; Tae Guk Gi — the Korean War begins 25 June 1950
06-26,The Big Lift,1950,A,The Berlin Airlift begins on 26 June 1948 — shot in the ruins of Berlin with the men who actually flew it.,"Kennedy in Berlin, 26 June 1963; The UN Charter signed, 26 June 1945"
06-27,7 Days in Entebbe,2018,A,Air France 139 is hijacked out of Athens on 27 June 1976; the raid comes a week later.,Raid on Entebbe (1977); Victory at Entebbe
06-28,The Day That Shook the World,1975,A,"Sarajevo, 28 June 1914: Princip, the wrong turn, and two shots.",Stonewall — the riots begin in the early hours of 28 June 1969; the Treaty of Versailles signed 28 June 1919
06-29,White Nights,1985,C,Baryshnikov defected in Toronto on 29 June 1974; here he plays a dancer dragged back to the country he ran from.,"The first iPhone goes on sale, 29 June 2007"
06-30,Only the Brave,2017,A,The Yarnell Hill fire turns on the Granite Mountain Hotshots on the afternoon of 30 June 2013.,"The Night of the Long Knives, 30 June 1934; Tunguska, 30 June 1908"
07-01,The Battle of the Somme,1916,A,"Filmed on the first day of the Somme, 1 July 1916 — 57,470 British casualties before dusk. Twenty million people watched it that autumn.","Gettysburg (1993) — day one, 1 July 1863"
07-02,Amistad,1997,A,Cinqué breaks his chains and takes La Amistad on the night of 2 July 1839.,Independence Day — the film's first title card is July 2; Congress voted for independence on 2 July 1776
07-03,Gettysburg,1993,A,"Pickett's Charge across the open ground at Cemetery Ridge, 3 July 1863 — the film's last hour.","The Doors — Morrison found dead in Paris, 3 July 1971"
07-04,Independence Day,1996,A,"Title card: July 4th. The counter-attack, the speech, the fat lady singing.","Jaws (Amity's Fourth of July); Born on the Fourth of July; The Shining (the ballroom photo is dated July 4th, 1921); Zodiac (Blue Rock Springs, 4 July 1969)"
07-05,The Citadel,1938,C,The NHS opened its doors on 5 July 1948; this is the film about a doctor and the money in medicine that helped make the case for it.,"Kursk begins, 5 July 1943"
07-06,Nowhere Boy,2009,A,"John Lennon meets Paul McCartney at the Woolton village fête, 6 July 1957.","The Story of Louis Pasteur — the rabies vaccine, 6 July 1885"
07-07,Chariots of Fire,1981,A,Harold Abrahams wins the Olympic 100 metres in Paris on 7 July 1924.,The 7 July 2005 London bombings
07-08,1776,1972,B,"The Declaration is first read in public in the State House yard, 8 July 1776, to the ringing of the bells.",National Treasure
07-09,Wimbledon,2004,C,"The first Wimbledon Championship began on 9 July 1877, on a lawn behind a croquet club.",Borg vs McEnroe (2017)
07-10,Battle of Britain,1969,A,The Battle of Britain officially opens on 10 July 1940 with the Channel convoy attacks.,Dark Blue World; Their Finest
07-11,"Quo Vadis, Aida?",2020,A,Srebrenica falls on 11 July 1995; the film is the next thirty-six hours inside the UN compound.,"Chariots of Fire — Eric Liddell wins the 400m, 11 July 1924"
07-12,Crossfire Hurricane,2012,C,The Rolling Stones played their first gig at the Marquee on 12 July 1962.,The Twelfth in Northern Ireland — '71
07-13,Bohemian Rhapsody,2018,A,"Live Aid, Wembley, 13 July 1985 — the twenty minutes the whole film is engineered to reach.",Live Aid documentaries; the Great Fire of Rome
07-14,Bastille Day,2016,A,"Set on 14 July in Paris, with the riot and the heist timed to the national holiday.",La Marseillaise (1938); Start the Revolution Without Me
07-15,Kingdom of Heaven,2005,C,The First Crusade took Jerusalem on 15 July 1099; Ridley Scott's film is the century of consequences.,"St Swithin's Day; the Turkish coup attempt, 15 July 2016"
07-16,Oppenheimer,2023,A,"Trinity, 05:29:45 on 16 July 1945, at the Alamogordo bombing range.",Apollo 11 launches at 09:32 on 16 July 1969; Fat Man and Little Boy
07-17,The Romanovs: An Imperial Family,2000,A,"The Ipatiev House cellar, Ekaterinburg, in the early hours of 17 July 1918.","Anastasia (1997); Disneyland opens, 17 July 1955"
07-18,Glory,1989,A,The 54th Massachusetts assaults Fort Wagner at dusk on 18 July 1863.,"Chappaquiddick (2017) — the bridge, 18 July 1969; Quo Vadis (the Great Fire of Rome, 18 July AD 64)"
07-19,Chappaquiddick,2017,A,Mary Jo Kopechne's body is recovered from the Oldsmobile on the morning of 19 July 1969 — ten hours after Kennedy walked away from the bridge.,"The Seneca Falls Convention, 19 July 1848"
07-20,First Man,2018,A,Eagle lands at 20:17 UTC on 20 July 1969 and Armstrong steps off six hours later.,"Valkyrie — the Wolf's Lair bomb, 20 July 1944; Apollo 11 (2019)"
07-21,Apollo 11,2019,A,Armstrong steps onto the Moon at 02:56 UTC on 21 July 1969 — which is why Britain watched it in the middle of the night.,"First Man (2018); the Scopes trial verdict, 21 July 1925 — Inherit the Wind"
07-22,22 July,2018,A,"The title is the date: Oslo and Utøya, 22 July 2011.","Public Enemies — Dillinger shot outside the Biograph, 22 July 1934"
07-23,Detroit,2017,A,"The raid on the blind pig on 12th Street in the early hours of 23 July 1967, and the five days that followed.",Amy — Winehouse died 23 July 2011
07-24,Secret of the Incas,1954,C,Hiram Bingham reached Machu Picchu on 24 July 1911; Charlton Heston in a leather jacket and fedora did the rest.,Raiders of the Lost Ark
07-25,Joy,2024,A,"Louise Brown, the first IVF baby, is born at 11:47pm on 25 July 1978 — ten years of work in one delivery room.","Concorde flight 4590, 25 July 2000"
07-26,Crip Camp,2020,B,The Americans with Disabilities Act is signed on 26 July 1990 — the destination of a story that starts at a scruffy summer camp in the Catskills.,"The Moncada Barracks attack, 26 July 1953"
07-27,Pork Chop Hill,1959,B,Men die for a worthless hill in the last hours before the Korean armistice of 27 July 1953.,MASH
07-28,Oh! What a Lovely War,1969,B,Austria-Hungary declares war on Serbia on 28 July 1914 and the pier at Brighton fills up.,They Shall Not Grow Old
07-29,Elizabeth: The Golden Age,2007,A,"The Armada is broken at Gravelines on 29 July 1588, and the wind does the rest.","The wedding of Charles and Diana, 29 July 1981"
07-30,Sixty Six,2006,A,Bernie's bar mitzvah has the terrible luck to fall on 30 July 1966 — the day England play the World Cup final.,The Boys of '66 documentaries
07-31,Harry Potter and the Philosopher's Stone,2001,B,Hagrid comes through the door at midnight on Harry's eleventh birthday: 31 July.,Ignatius of Loyola films
08-01,Rush,2013,A,"Niki Lauda's Ferrari catches fire at Bergwerk on the second lap of the German Grand Prix, 1 August 1976.","Warsaw 44 — the Uprising begins at 5pm, 1 August 1944"
08-02,The Fog of War,2003,B,"McNamara, on camera, on the Gulf of Tonkin incident of 2 August 1964 — the thing that may not have happened, and the war it started.","Iraq invades Kuwait, 2 August 1990 — Jarhead"
08-03,Race,2016,A,"Jesse Owens wins the Olympic 100 metres in Berlin on 3 August 1936, in front of Hitler.","Columbus sails from Palos, 3 August 1492 — 1492: Conquest of Paradise"
08-04,The Diary of Anne Frank,1959,A,The Gestapo climb the stairs behind the bookcase on the morning of 4 August 1944.,"Anne Frank Remembered (1995); Britain declares war, 4 August 1914 — Oh! What a Lovely War"
08-05,The 33,2015,A,The San José mine collapses on 5 August 2010 with thirty-three men 700 metres down.,"Marilyn Monroe found dead, 5 August 1962 — Blonde; My Week with Marilyn"
08-06,Barefoot Gen,1983,A,"8:15am, 6 August 1945, Hiroshima — animated with a child's-eye literalism no live action has matched.",Hiroshima Mon Amour; Black Rain (1989)
08-07,Man on Wire,2008,A,Philippe Petit steps out on a wire between the Twin Towers at 7:15am on 7 August 1974 and stays there for 45 minutes.,The Walk (2015)
08-08,Once Upon a Time in Hollywood,2019,A,"The final chapter opens on a card: Saturday, August 8th, 1969 — and then rewrites what happened on Cielo Drive.","Nixon — the resignation speech, 8 August 1974"
08-09,Frost/Nixon,2008,B,Opens with the helicopter on the South Lawn: Nixon leaves the White House on the morning of 9 August 1974.,"Nagasaki, 9 August 1945; Charlie Says — the Cielo Drive murders, night of 8/9 August 1969"
08-10,La Marseillaise,1938,A,Renoir's Marseillais federes march north and storm the Tuileries on 10 August 1792.,Danton
08-11,Dolores Claiborne,1995,C,"Everything hinges on a total solar eclipse — and Britain got its own on 11 August 1999, the last until 2090.","The Watts uprising begins, 11 August 1965"
08-12,Kursk,2018,A,The Kursk's torpedo explodes on 12 August 2000 and twenty-three men wait in compartment nine.,The Perfect Storm
08-13,The Tunnel,2001,A,"The wire goes up across Berlin overnight on 13 August 1961, and the digging starts.","One, Two, Three (1961); Bridge of Spies"
08-14,Earth,1998,B,Partition takes effect on 14/15 August 1947 and a Lahore childhood is cut in half.,"Viceroy's House (2017); VJ Day announced, 14 August 1945"
08-15,Belfast,2021,A,"Opens on 15 August 1969, the afternoon the street Buddy lives on is torn apart.","Woodstock begins 15 August 1969; VJ Day; Viceroy's House — Indian independence, 15 August 1947"
08-16,Peterloo,2018,A,"The yeomanry ride into 60,000 people at St Peter's Field, Manchester, 16 August 1819.","Elvis — Presley dies at Graceland, 16 August 1977"
08-17,Woodstock,1970,A,"Three days on Max Yasgur's farm, 15–18 August 1969; the 17th is the day it stops raining and turns into a nation.",Taking Woodstock (2009)
08-18,Iron Jawed Angels,2004,A,The Nineteenth Amendment is ratified on 18 August 1920 by one vote in Tennessee.,Hendrix closes Woodstock on the morning of 18 August 1969
08-19,Blow-Up,1966,C,World Photography Day: the daguerreotype was given to the world on 19 August 1839. Antonioni's photographer keeps enlarging until there's nothing there.,"The Iranian coup, 19 August 1953"
08-20,The Unbearable Lightness of Being,1988,A,Warsaw Pact tanks roll into Prague on 21 August 1968 — the invasion begins the night of the 20th and the film cuts real footage into it.,The Prague Spring documentaries
08-21,Mona Lisa,1986,C,"Vincenzo Peruggia walked out of the Louvre with the Mona Lisa under his smock on 21 August 1911, and made her the most famous painting on earth.","The Prague invasion, 21 August 1968"
08-22,Dog Day Afternoon,1975,A,"Sonny Wortzik's fourteen-hour bank siege in Gravesend, Brooklyn, 22 August 1972. Attica! Attica!","Michael Collins — killed at Béal na Bláth, 22 August 1922; Richard III — Bosworth Field, 22 August 1485"
08-23,Braveheart,1995,A,"William Wallace is hanged, drawn and quartered at Smithfield on 23 August 1305.","Sacco and Vanzetti executed, 23 August 1927"
08-24,Pompeii,2014,A,Vesuvius buries Pompeii on 24 August AD 79 (the traditional date).,"The Last Days of Pompeii (1935); Washington burned, 24 August 1814"
08-25,The Day of the Jackal,1973,A,"The Jackal picks Liberation Day, 25 August, for his shot at de Gaulle — because that is the one day the General will not duck.","Is Paris Burning? — Paris liberated, 25 August 1944"
08-26,Mother Teresa,1997,C,Born Anjeze Gonxhe Bojaxhiu in Skopje on 26 August 1910.,"Women's Equality Day — the 19th Amendment certified, 26 August 1920; Crecy, 26 August 1346"
08-27,"Krakatoa, East of Java",1968,A,"Krakatoa detonates on 27 August 1883 and is heard 3,000 miles away. (It was west of Java.)","Mountbatten killed at Mullaghmore, 27 August 1979"
08-28,The Trial of the Chicago 7,2020,A,Everything turns on the night of 28 August 1968 in Grant Park — 'the whole world is watching'.,"Till — Emmett Till murdered, 28 August 1955; the March on Washington, 28 August 1963"
08-29,Terminator 2: Judgment Day,1991,A,Skynet becomes self-aware at 2:14am Eastern on 29 August 1997 and fires on Russia.,"Katrina makes landfall, 29 August 2005 — Trouble the Water"
08-30,Dr. Strangelove,1964,C,The Moscow–Washington hotline went live on 30 August 1963. Kubrick had already worked out how the call would go.,Fail Safe (1964)
08-31,The Queen,2006,A,Diana dies in the Pont de l'Alma tunnel in the early hours of 31 August 1997; the film is the week that follows.,Spencer (2021); Diana (2013)
09-01,Westerplatte,1967,A,"The Schleswig-Holstein opens fire on the Polish depot at 04:45 on 1 September 1939 — the first shots of the war, and 182 men hold for a week.","Katyn; the Titanic wreck found, 1 September 1985"
09-02,Back to the Future Part III,1990,A,Marty arrives in Hill Valley on 2 September 1885 — the date is on the DeLorean's readout and on Doc's headstone.,"The Great Fire of London, 2 September 1666; the Japanese surrender aboard the Missouri, 2 September 1945"
09-03,The King's Speech,2010,A,"The whole film is preparation for one broadcast: the declaration of war, 6pm on 3 September 1939.",Hope and Glory
09-04,Moneyball,2011,A,"The Oakland A's win their twentieth straight, 11–10 against Kansas City, on 4 September 2002.","Google founded, 4 September 1998"
09-05,September 5,2024,A,"The title is the date: the Munich Olympics hostage crisis of 5 September 1972, told entirely from the ABC Sports control room.",Munich (2005); One Day in September (1999)
09-06,Plymouth Adventure,1952,A,The Mayflower finally clears Plymouth on 6 September 1620 with 102 passengers and a leaking beam.,"Diana's funeral, 6 September 1997 — The Queen"
09-07,Hope and Glory,1987,A,The Blitz opens over the East End on the afternoon of 7 September 1940 — the best summer of Bill's life.,"All Eyez on Me — Tupac shot on the Strip, 7 September 1996; Back to the Future Part III (Doc is shot on 7 September 1885)"
09-08,Captain Corelli's Mandolin,2001,B,Italy signs the armistice on 8 September 1943 and the garrison on Cephalonia is massacred days later.,"Elizabeth II dies at Balmoral, 8 September 2022"
09-09,A Walk in the Sun,1945,A,A platoon comes ashore at Salerno at dawn on 9 September 1943 and spends the whole film walking six miles inland.,Captain Corelli's Mandolin
09-10,Particle Fever,2013,A,The Large Hadron Collider is switched on for the first time on 10 September 2008; the physicists watch a screen and hold their breath.,Angels & Demons
09-11,United 93,2006,A,"11 September 2001, close to real time, from Newark to a field in Pennsylvania.","13 Hours (Benghazi, 11 September 2012); Braveheart (Stirling Bridge, 11 September 1297); Missing (the Chilean coup, 11 September 1973)"
09-12,Cry Freedom,1987,A,Steve Biko dies in police custody in Pretoria on 12 September 1977; Donald Woods spends the rest of the film proving it.,"Lascaux discovered, 12 September 1940"
09-13,All Eyez on Me,2017,A,Tupac Shakur dies of his gunshot wounds in Las Vegas on 13 September 1996.,Roald Dahl born 13 September 1916 — Roald Dahl Day
09-14,Isadora,1968,A,Isadora Duncan's scarf catches in the wheel of a Bugatti in Nice on 14 September 1927 — the film's opening and closing image.,"Dante dies, 14 September 1321"
09-15,4 Little Girls,1997,A,The 16th Street Baptist Church is bombed during Sunday school on 15 September 1963.,"Battle of Britain Day, 15 September 1940 — Battle of Britain (1969)"
09-16,Viva Zapata!,1952,C,"Mexican Independence Day — the Grito de Dolores, 16 September 1810.","Black Wednesday, 16 September 1992"
09-17,A Bridge Too Far,1977,A,"Operation Market Garden launches on Sunday 17 September 1944 — 35,000 men into Holland by parachute and glider.","Antietam, 17 September 1862 — Glory; Katyn (the Soviet invasion of Poland, 17 September 1939)"
09-18,Jimi: All Is by My Side,2013,B,"Jimi Hendrix dies in the Samarkand Hotel, Notting Hill, on the morning of 18 September 1970.",Rush (1976 Italian GP)
09-19,Iceman,2017,B,"Two hikers found Otzi melting out of the Similaun glacier on 19 September 1991; this film imagines his last week, 5,300 years earlier, in a language nobody speaks.","The Mexico City earthquake, 19 September 1985"
09-20,Battle of the Sexes,2017,A,"Billie Jean King beats Bobby Riggs in straight sets at the Houston Astrodome, 20 September 1973, in front of 90 million people.",Borg vs McEnroe
09-21,The Hobbit: An Unexpected Journey,2012,C,"The Hobbit was published on 21 September 1937. Also the International Day of Peace, which Bilbo would have approved of.",The Lord of the Rings
09-22,The Lord of the Rings: The Fellowship of the Ring,2001,A,Bilbo's eleventy-first birthday party — 22 September — and the ring goes in the envelope.,Hobbit Day
09-23,Ad Astra,2019,C,"Neptune was found on 23 September 1846, exactly where the mathematics said it would be. Roy McBride goes there to find his father.","Nintendo founded, 23 September 1889"
09-24,1991: The Year Punk Broke,1992,C,"Nevermind was released on 24 September 1991, in the middle of the tour this film is shot on.",Kurt Cobain: Montage of Heck
09-25,The Ernest Green Story,1993,A,The 101st Airborne walks the Little Rock Nine through the doors of Central High on 25 September 1957.,"Stamford Bridge, 25 September 1066"
09-26,The Man Who Saved the World,2014,A,"Just after midnight on 26 September 1983 Stanislav Petrov's screen says five American missiles are inbound, and he decides it is a fault.","The first Kennedy–Nixon debate, 26 September 1960"
09-27,Zodiac,2007,A,"Lake Berryessa, 27 September 1969 — the hooded man, the crosshairs symbol, the phone call from a payphone.","Dirty Harry (1971), the Zodiac in fiction"
09-28,Baltic Storm,2003,B,The MS Estonia goes down in the Baltic in the early hours of 28 September 1994 with 852 dead.,The Perfect Storm
09-29,Munich: The Edge of War,2021,A,The Munich Agreement is signed in the small hours of 29/30 September 1938; Chamberlain waves the paper the next day.,Downfall
09-30,"September 30, 1955",1977,A,"The title is the date — the day James Dean died, and what it does to a small-town Arkansas campus that night.","Life (2015); Munich: The Edge of War — 'peace for our time', 30 September 1938"
10-01,Thrilla in Manila,2008,A,"Ali and Frazier, fourteen rounds in 40-degree heat, 1 October 1975 — 'the closest thing to dying that I know of'.","The People's Republic proclaimed, 1 October 1949"
10-02,Donnie Darko,2001,A,"'October 2, 1988' on screen. A jet engine lands on the house at 6:42am and Donnie is sleepwalking on a golf course.",Gandhi born 2 October 1869
10-03,Mean Girls,2004,A,"'On October 3rd, he asked me what day it was.' The internet has made it a holiday.","Black Hawk Down — Mogadishu, 3 October 1993; German reunification, 3 October 1990"
10-04,October Sky,1999,A,"Sputnik crosses the sky over Coalwood, West Virginia on 4 October 1957 and Homer Hickam looks up.",The Right Stuff
10-05,In the Name of the Father,1993,A,"The Guildford pub bombings of 5 October 1974, and the fifteen years the Conlons lost to them.",Steve Jobs dies 5 October 2011
10-06,Kippur,2000,A,"Amos Gitai's helicopter rescue crew fly out on the first day of the Yom Kippur War, 6 October 1973.","Sadat assassinated, 6 October 1981"
10-07,12 Strong,2018,B,The air campaign in Afghanistan opens on 7 October 2001 and twelve men go in on horseback behind it.,"Poe dies in Baltimore, 7 October 1849; Lepanto, 7 October 1571"
10-08,In Old Chicago,1937,A,Mrs O'Leary's cow and the Great Chicago Fire of 8 October 1871 — twenty minutes of the film is the fire.,The Great Chicago Fire documentaries
10-09,Che: Part Two,2008,A,"Che Guevara is executed in the schoolhouse at La Higuera, Bolivia, on 9 October 1967 — filmed from his point of view.",Vajont (2001) — the mountain slides into the reservoir at 22:39 on 9 October 1963; John Lennon born 9 October 1940
10-10,1911,2011,A,Double Ten: the Wuchang Uprising of 10 October 1911 that ended two thousand years of dynastic rule. Jackie Chan's hundredth film.,"The Vajont dam wave, 9/10 October 1963 — Vajont (2001)"
10-11,Saturday Night,2024,A,"The ninety minutes before 11:30pm on 11 October 1975, in real time, as Saturday Night Live goes on air for the first time.","Zodiac — Paul Stine killed in Presidio Heights, 11 October 1969"
10-12,1492: Conquest of Paradise,1992,A,Landfall in the Bahamas at dawn on 12 October 1492.,"Sid and Nancy — Nancy Spungen dies at the Chelsea Hotel, 12 October 1978; the Brighton bombing, 12 October 1984"
10-13,Alive,1993,A,Uruguayan Air Force Flight 571 hits the Andes on 13 October 1972 and sixteen men come back 72 days later.,Society of the Snow (2023); the Knights Templar arrested on Friday 13 October 1307
10-14,The Right Stuff,1983,A,"Chuck Yeager takes the X-1 past Mach 1 over Muroc on 14 October 1947, with two broken ribs and a sawn-off broom handle.","Hastings, 14 October 1066"
10-15,Mata Hari,1931,A,Margaretha Zelle is shot by firing squad at Vincennes at dawn on 15 October 1917.,Mata Hari (1985)
10-16,Thirteen Days,2000,A,The U-2 photographs reach the President on the morning of 16 October 1962. Thirteen days later the world is still here.,"Marie Antoinette guillotined, 16 October 1793; Oscar Wilde born 16 October 1854"
10-17,"Nuit Noire, 17 octobre 1961",2005,A,"The title is the date: the Paris police attack an Algerian demonstration and throw men into the Seine, 17 October 1961.","Cache (2005), which is haunted by the same night"
10-18,The Boat That Rocked,2009,C,The BBC was founded on 18 October 1922 — and this is the film about everyone who wanted to broadcast around it.,Radio Days
10-19,The Wolf of Wall Street,2013,A,"Jordan Belfort's first day with a broker's licence is Black Monday, 19 October 1987 — by lunchtime the firm is gone.","Yorktown surrenders, 19 October 1781"
10-20,Back to Bataan,1945,B,MacArthur wades ashore at Leyte on 20 October 1944: 'I have returned.',"The Sydney Opera House opens, 20 October 1973"
10-21,Back to the Future Part II,1989,A,"The DeLorean arrives at 4:29pm on 21 October 2015. Hoverboards, self-lacing shoes, no flying cars.","Trafalgar, 21 October 1805 — That Hamilton Woman; Aberfan, 21 October 1966"
10-22,Longitude,2000,B,Four ships pile onto the Scillies on 22 October 1707 for want of a way to find longitude — which is what sets John Harrison building clocks.,"Kennedy's missile broadcast, 22 October 1962 — Thirteen Days"
10-23,Children of Glory,2006,A,The Hungarian Revolution starts with a student march on 23 October 1956 and ends in a water polo pool in Melbourne.,"Freedom's Fury (2006); the Beirut barracks bombing, 23 October 1983"
10-24,The Interpreter,2005,C,United Nations Day: the Charter came into force on 24 October 1945. The only feature ever allowed to film inside the General Assembly.,"Black Thursday, 24 October 1929"
10-25,Henry V,1989,A,"'This day is called the feast of Crispian.' Agincourt, 25 October 1415.","The Charge of the Light Brigade (1968) — Balaclava, the same date in 1854"
10-26,Back to the Future,1985,A,"Twin Pines Mall, 1:15am on 26 October 1985 — 88mph and the Libyans in the VW bus.","Tombstone / My Darling Clementine — the O.K. Corral, 26 October 1881"
10-27,The Taking of Pelham One Two Three,1974,C,"The New York subway opened on 27 October 1904. Seventy years later, four men in hats hijacked a car of it.","Black Saturday of the Cuban Missile Crisis, 27 October 1962"
10-28,The Social Network,2010,A,"On-screen: October 28, 2003. Zuckerberg blogs, drinks and builds Facemash between 8pm and 4am.","The Statue of Liberty dedicated, 28 October 1886"
10-29,Cinderella Man,2005,B,"Black Tuesday, 29 October 1929, takes Jim Braddock's money in the first reel and the rest of the film is the Depression.",The Great Gatsby; Wall Street
10-30,Ali,2001,A,"The Rumble in the Jungle, Kinshasa, 4am on 30 October 1974 — rope-a-dope, eighth round.","When We Were Kings (1996); Orson Welles's War of the Worlds broadcast, 30 October 1938; Donnie Darko ends on the 30th"
10-31,Halloween,1978,A,"Haddonfield, Illinois, 31 October. The Shape comes home.",Trick 'r Treat; Hocus Pocus; Meet Me in St. Louis (the Halloween sequence); E.T.
11-01,Coco,2017,A,"Día de Muertos, 1–2 November — the one night the marigold bridge is open.","The Book of Life (2014); the Lisbon earthquake, 1 November 1755"
11-02,The Aviator,2004,A,The Spruce Goose lifts off the water in Long Beach harbour for about a mile on 2 November 1947.,"All Souls' Day; Pasolini killed, 2 November 1975"
11-03,Space Dogs,2019,B,Laika is launched on Sputnik 2 on 3 November 1957 with no way of coming back; the film follows her descendants around Moscow.,Laika (2007)
11-04,Persepolis,2007,B,Students take the American embassy in Tehran on 4 November 1979 — the revolution turning on the people who made it.,"Argo; Howard Carter finds the first step to Tutankhamun's tomb, 4 November 1922"
11-05,V for Vendetta,2005,A,"Remember, remember, the fifth of November. Parliament goes up to the 1812 Overture.","Back to the Future — Doc slips in the bathroom and invents the flux capacitor, 5 November 1955; Gunpowder, Treason & Plot"
11-06,Passchendaele,2008,A,"The Canadians take what is left of Passchendaele village on 6 November 1917, after three months and a quarter of a million casualties.","Lincoln elected, 6 November 1860"
11-07,October: Ten Days That Shook the World,1928,A,"The storming of the Winter Palace on the night of 7 November 1917 (25 October, old style) — Eisenstein's version became the historical record.",Reds (1981); Doctor Zhivago
11-08,Rudy,1993,B,"Rudy Ruettiger gets on the field against Georgia Tech for the last twenty-seven seconds on 8 November 1975, and is carried off it.","The Beer Hall Putsch, 8 November 1923"
11-09,"Good Bye, Lenin!",2003,A,The Wall opens on the night of 9 November 1989 while Alex's mother is in a coma — and the whole film is about hiding it from her.,"Kristallnacht, 9 November 1938; The Lives of Others"
11-10,Stanley and Livingstone,1939,A,"'Dr Livingstone, I presume?' — Ujiji, on the shore of Lake Tanganyika, 10 November 1871.","The Edmund Fitzgerald sinks, 10 November 1975; Sesame Street's first episode, 10 November 1969"
11-11,All Quiet on the Western Front,2022,A,"The armistice is signed for 11am on 11 November 1918, and the film sends its men over the top at 10:45.",They Shall Not Grow Old; 1917; Joyeux Noël
11-12,Back to the Future,1985,A,"10:04pm, Saturday 12 November 1955 — the Enchantment Under the Sea dance, and lightning strikes the clock tower.",The Wizard of Oz
11-13,Novembre,2022,A,"The five days after the Paris attacks of 13 November 2015, told as a manhunt.",You Will Not Have My Hate (2022); Nova Scotia's Halifax explosion
11-14,We Were Soldiers,2002,A,The 7th Cavalry lands at LZ X-Ray in the Ia Drang Valley on 14 November 1965 — the first big set-piece battle of the Vietnam War.,"The Coventry Blitz, 14 November 1940"
11-15,In Cold Blood,1967,A,"Four members of the Clutter family are killed in their farmhouse outside Holcomb, Kansas, on the night of 14/15 November 1959.",Capote (2005); Infamous (2006)
11-16,The Royal Hunt of the Sun,1969,A,"Pizarro takes Atahualpa at Cajamarca on 16 November 1532 — 168 Spaniards against an empire, decided in an afternoon.","Aguirre, the Wrath of God"
11-17,The Power of the Powerless,2009,B,Riot police corner a student march on Narodni trida on 17 November 1989 and the Velvet Revolution starts that night.,Burning Bush (2013); Kolya
11-18,Steamboat Willie,1928,A,Mickey Mouse's birthday — the first synchronised-sound cartoon premiered at the Colony Theatre on 18 November 1928.,"Jonestown, 18 November 1978"
11-19,For All Mankind,1989,B,"Apollo 12 lands in the Ocean of Storms on 19 November 1969, four months after Apollo 11 and with a much better soundtrack.","The Gettysburg Address, 19 November 1863 — Lincoln"
11-20,Judgment at Nuremberg,1961,A,The Nuremberg trials open on 20 November 1945; Kramer's film takes the later judges' trial as its subject.,Nuremberg (2000); The Memory of Justice
11-21,The Aeronauts,2019,C,"The first free manned flight — Pilatre de Rozier and d'Arlandes over Paris in a Montgolfier balloon, 21 November 1783.","The Birmingham pub bombings, 21 November 1974"
11-22,JFK,1991,A,"Dealey Plaza, 12:30pm, 22 November 1963 — the Zapruder frames, back and to the left.",Parkland (2013); Jackie (2016); Shadowlands — C.S. Lewis died the same day
11-23,An Adventure in Space and Time,2013,A,"Doctor Who goes out for the first time at 17:16 on 23 November 1963 — the day after Dallas, so half the country missed it.",Doctor Who: An Unearthly Child
11-24,Ruby,1992,A,"Jack Ruby steps out of the crowd in the basement of Dallas police headquarters at 11:21am on 24 November 1963, live on NBC.",Freddie Mercury died 24 November 1991 — Bohemian Rhapsody
11-25,The Last Waltz,1978,A,"The Band's farewell at Winterland on Thanksgiving night, 25 November 1976 — turkey dinner for 5,000, then Dylan.","Rocky II — the rematch is fought on the same date, 25 November 1976"
11-26,Hotel Mumbai,2018,A,Ten gunmen come ashore in Mumbai on the evening of 26 November 2008; the film stays inside the Taj for the next three days.,Casablanca premiered 26 November 1942
11-27,Milk,2008,A,Dan White shoots Harvey Milk and George Moscone in City Hall on the morning of 27 November 1978.,The Times of Harvey Milk (1984)
11-28,Teheran 43,1981,B,"The Tehran Conference opens on 28 November 1943 with Stalin, Roosevelt and Churchill in one building — and, in this film, a plot to kill all three.","Magellan enters the Pacific, 28 November 1520"
11-29,George Harrison: Living in the Material World,2011,B,Harrison died on 29 November 2001; Scorsese's film is built out of what he left behind.,"Pong released, 29 November 1972"
11-30,Whisky Galore!,1949,C,"St Andrew's Day, 30 November — and no film is more Scottish about a cargo of whisky.","The Crystal Palace burns down, 30 November 1936; Churchill born 30 November 1874"
12-01,The Rosa Parks Story,2002,A,"Rosa Parks stays in her seat on a Cleveland Avenue bus in Montgomery, 1 December 1955.","World AIDS Day — Philadelphia, 120 BPM, Dallas Buyers Club"
12-02,Napoleon,2023,A,"The coronation at Notre-Dame on 2 December 1804 — and Austerlitz, fought on the anniversary a year later. Both are in the film.",War and Peace (1966)
12-03,Bhopal: A Prayer for Rain,2014,A,Forty tonnes of methyl isocyanate leave the Union Carbide plant on the night of 2/3 December 1984.,"The first human heart transplant, 3 December 1967"
12-04,Judas and the Black Messiah,2021,A,"The pre-dawn raid on 2337 West Monroe Street, 4 December 1969, in which Fred Hampton is shot in his bed.",The Murder of Fred Hampton (1971)
12-05,The Untouchables,1987,A,Prohibition is repealed on 5 December 1933 and Ness's war is over: 'I think I'll have a drink.',"Mozart dies, 5 December 1791 — Amadeus"
12-06,Gimme Shelter,1970,A,"Altamont Speedway, 6 December 1969 — the Maysles' cameras catch the stabbing during Under My Thumb, and Jagger watches the footage on screen.",Michael Collins — the Anglo-Irish Treaty signed 6 December 1921; St Nicholas Day
12-07,Tora! Tora! Tora!,1970,A,"7:48am, 7 December 1941 — told from both cockpits and both command rooms.",Pearl Harbor (2001); From Here to Eternity; Midway
12-08,Chapter 27,2007,A,"The three days Mark Chapman spent outside the Dakota, ending on the evening of 8 December 1980.",The Killing of John Lennon (2006); Nowhere Boy
12-09,A Charlie Brown Christmas,1965,C,"First broadcast on 9 December 1965, against everyone's advice, with a jazz score and a real Bible reading. Half of America watched.",Judi Dench's Cranford
12-10,A Beautiful Mind,2001,B,The Nobel Prizes are presented in Stockholm every 10 December — the ceremony the film ends on.,Human Rights Day; The Theory of Everything
12-11,W.E.,2011,B,Edward VIII broadcasts his abdication on 11 December 1936 — 'the woman I love'.,"Goodfellas — the Lufthansa heist at JFK, captioned 11 December 1978; The King's Speech"
12-12,Romanzo di una strage,2012,A,"The bomb in the Banca Nazionale dell'Agricoltura in Piazza Fontana, Milan, 12 December 1969 — the start of the Years of Lead.",Frank Sinatra born 12 December 1915
12-13,The Flowers of War,2011,A,Nanjing falls on 13 December 1937 and the massacre begins; the film hides its characters in a cathedral.,"City of Life and Death (2009); Saddam Hussein captured, 13 December 2003"
12-14,Amundsen,2019,A,"Amundsen's party plants the flag at the South Pole on 14 December 1911, thirty-four days ahead of Scott.",Scott of the Antarctic (1948); The Last Place on Earth
12-15,Gone with the Wind,1939,C,"Premiered at Loew's Grand in Atlanta on 15 December 1939, to a city that declared a public holiday and would not let Hattie McDaniel attend.","Walt Disney dies, 15 December 1966 — Saving Mr. Banks"
12-16,Battle of the Bulge,1965,A,The Ardennes offensive opens in fog on 16 December 1944.,"Johnny Tremain — the Boston Tea Party, 16 December 1773; Jane Austen born 16 December 1775"
12-17,Those Magnificent Men in Their Flying Machines,1965,C,"Twelve seconds and 120 feet at Kitty Hawk, 17 December 1903.",The Wright Brothers documentaries
12-18,The Nutcracker,1993,C,The Nutcracker premiered at the Mariinsky on 18 December 1892 and was thought a failure. It is now most ballet companies' entire December.,"The Thirteenth Amendment ratified, 18 December 1865"
12-19,Scrooge,1951,A,A Christmas Carol went on sale on 19 December 1843 and sold out by Christmas Eve. Alastair Sim is still the definitive Scrooge.,The Muppet Christmas Carol; A Christmas Carol (2009)
12-20,Dirty Harry,1971,C,"The Zodiac's first killings were on Lake Herman Road on 20 December 1968. Three years later he was Scorpio, and San Francisco had Callahan.","Zodiac (2007), which opens on that exact night"
12-21,Snow White and the Seven Dwarfs,1937,C,Disney's folly premiered on 21 December 1937 and invented the animated feature. Also the winter solstice — the longest night to be lost in a wood.,"Lockerbie, 21 December 1988"
12-22,Eyes Wide Shut,1999,C,"Christmas week in New York, lit entirely by fairy lights, in the darkest days of the year.","Dostoevsky's mock execution, 22 December 1849"
12-23,At Eternity's Gate,2018,B,"Van Gogh cuts off his ear in Arles on 23 December 1888, after Gauguin walks out.",Lust for Life (1956); Festivus
12-24,Die Hard,1988,A,"The Nakatomi Corporation Christmas party, Christmas Eve, Century City. Now I have a machine gun. Ho ho ho.",It's a Wonderful Life; The Muppet Christmas Carol; Eyes Wide Shut; Cast Away (the crash)
12-25,A Christmas Story,1983,A,"Christmas morning in Hohman, Indiana: the Red Ryder BB gun, the leg lamp, the Chinese turkey.","L.A. Confidential — Bloody Christmas, 25 December 1951; Rocky IV (the Moscow fight is on Christmas Day); White Christmas; Scrooge (1951)"
12-26,The Impossible,2012,A,The Boxing Day tsunami hits Khao Lak just after 7:58am on 26 December 2004.,The Crossing — Washington crosses the Delaware on the night of 25/26 December 1776
12-27,Bhutto,2010,A,Benazir Bhutto is killed leaving a rally in Rawalpindi on 27 December 2007.,"The Beagle sails with Darwin aboard, 27 December 1831"
12-28,Lumiere!,2016,A,"Cinema's own birthday: the Lumières' first paying public screening at the Salon Indien, 28 December 1895.",The Innocents (Holy Innocents' Day)
12-29,Bury My Heart at Wounded Knee,2007,A,The Seventh Cavalry opens fire at Wounded Knee Creek on 29 December 1890.,"Thomas Becket murdered in Canterbury Cathedral, 29 December 1170 — Becket (1964)"
12-30,Rasputin: The Mad Monk,1966,B,"Yusupov's cellar, the poisoned cakes, the river: Rasputin is killed on the night of 29/30 December 1916.","Nicholas and Alexandra (1971); the USSR founded, 30 December 1922"
12-31,When Harry Met Sally...,1989,A,Harry runs across Manhattan to a New Year's Eve party to get there before midnight.,200 Cigarettes; Boogie Nights (the 1979 party); The Poseidon Adventure; The Time Machine (31 December 1899); Trading Places
